,state,district,name,party,office_room,phone,committee,page_link
0,Alabama,1st,"Carl, Jerry",R,1330 LHOB,(202) 225-4931,Appropriations|Natural Resources,https://carl.house.gov
1,Alabama,2nd,"Moore, Barry",R,1504 LHOB,(202) 225-2901,Agriculture|Judiciary,https://barrymoore.house.gov
2,Alabama,3rd,"Rogers, Mike",R,2469 RHOB,(202) 225-3261,Armed Services,https://mikerogers.house.gov/
3,Alabama,4th,"Aderholt, Robert",R,266 CHOB,(202) 225-4876,Appropriations,https://aderholt.house.gov/
4,Alabama,5th,"Strong, Dale",R,1337 LHOB,(202) 225-4801,"Armed Services|Homeland Security|Science, Space, and Technology",https://strong.house.gov
5,Alabama,6th,"Palmer, Gary",R,170 CHOB,(202) 225-4921,Oversight and Accountability|Energy and Commerce,https://palmer.house.gov/
6,Alabama,7th,"Sewell, Terri",D,1035 LHOB,(202) 225-2665,Armed Services|House Administration|Joint Committee of Congress on the Library|Ways and Means,https://sewell.house.gov/
7,Alaska,At Large,"Peltola, Mary",D,153 CHOB,(202) 225-5765,Natural Resources|Transportation and Infrastructure,https://peltola.house.gov
8,American Samoa,Delegate,"Radewagen, Aumua Amata",R,2001 RHOB,(202) 225-8577,Foreign Affairs|Natural Resources|Veterans' Affairs,https://radewagen.house.gov
9,Arizona,1st,"Schweikert, David",R,460 CHOB,(202) 225-2190,Ways and Means,https://schweikert.house.gov/
10,Arizona,2nd,"Crane, Elijah",R,1229 LHOB,(202) 225-3361,Homeland Security|Small Business|Veterans' Affairs,https://crane.house.gov
11,Arizona,3rd,"Gallego, Ruben",D,1114 LHOB,(202) 225-4065,Armed Services|Natural Resources,https://rubengallego.house.gov/
12,Arizona,4th,"Stanton, Greg",D,207 CHOB,(202) 225-9888,Foreign Affairs|Transportation and Infrastructure,https://stanton.house.gov/
13,Arizona,5th,"Biggs, Andy",R,252 CHOB,(202) 225-2635,Oversight and Accountability|Judiciary,https://biggs.house.gov
14,Arizona,6th,"Ciscomani, Juan",R,1429 LHOB,(202) 225-2542,Appropriations|Veterans' Affairs,https://ciscomani.house.gov
15,Arizona,7th,"Grijalva, Raul",D,1203 LHOB,(202) 225-2435,Education and the Workforce|Natural Resources,https://grijalva.house.gov/
16,Arizona,8th,"Lesko, Debbie",R,1214 LHOB,(202) 225-4576,Energy and Commerce|Select Subcommittee on the Coronavirus Pandemic,https://lesko.house.gov
17,Arizona,9th,"Gosar, Paul",R,2057 RHOB,(202) 225-2315,Oversight and Accountability|Natural Resources,https://gosar.house.gov/
18,Arkansas,1st,"Crawford, Eric",R,2422 RHOB,(202) 225-4076,"Agriculture|Intelligence|Transportation and Infrastructure|Science, Space, and Technology",https://crawford.house.gov/
19,Arkansas,2nd,"Hill, J.",R,1533 LHOB,(202) 225-2506,Financial Services|Foreign Affairs|Intelligence,https://hill.house.gov/
20,Arkansas,3rd,"Womack, Steve",R,2412 RHOB,(202) 225-4301,Appropriations,https://womack.house.gov/
21,Arkansas,4th,"Westerman, Bruce",R,202 CHOB,(202) 225-3772,Natural Resources|Transportation and Infrastructure,https://westerman.house.gov/
22,California,1st,"LaMalfa, Doug",R,408 CHOB,(202) 225-3076,Agriculture|Natural Resources|Transportation and Infrastructure,https://lamalfa.house.gov
23,California,2nd,"Huffman, Jared",D,2445 RHOB,(202) 225-5161,Natural Resources|Transportation and Infrastructure,https://huffman.house.gov
24,California,3rd,"Kiley, Kevin",R,1032 LHOB,(202) 225-2523,Education and the Workforce|Judiciary|Transportation and Infrastructure,https://kiley.house.gov
25,California,4th,"Thompson, Mike",D,268 CHOB,(202) 225-3311,Ways and Means,https://mikethompson.house.gov/
26,California,5th,"McClintock, Tom",R,2256 RHOB,(202) 225-2511,Budget|Natural Resources|Judiciary,https://mcclintock.house.gov/
27,California,6th,"Bera, Ami",D,172 CHOB,(202) 225-5716,Foreign Affairs|Intelligence|Select Subcommittee on the Coronavirus Pandemic,https://bera.house.gov
28,California,7th,"Matsui, Doris",D,2311 RHOB,(202) 225-7163,Energy and Commerce,https://matsui.house.gov
29,California,8th,"Garamendi, John",D,2004 RHOB,(202) 225-1880,Armed Services|Select Subcommittee on the Weaponization of the Fed Govt|Transportation and Infrastructure,https://garamendi.house.gov/
30,California,9th,"Harder, Josh",D,209 CHOB,(202) 225-4540,Appropriations,https://harder.house.gov/
31,California,10th,"DeSaulnier, Mark",D,503 CHOB,(202) 225-2095,Education and the Workforce|Transportation and Infrastructure|Ethics,https://desaulnier.house.gov/
32,California,11th,"Pelosi, Nancy",D,1236 LHOB,(202) 225-4965,,https://pelosi.house.gov/
33,California,12th,"Lee, Barbara",D,2470 RHOB,(202) 225-2661,Appropriations|Budget,https://lee.house.gov/
34,California,13th,"Duarte, John",R,1535 LHOB,(202) 225-1947,Agriculture|Natural Resources|Transportation and Infrastructure,https://duarte.house.gov
35,California,14th,"Swalwell, Eric",D,174 CHOB,(202) 225-5065,Homeland Security|Judiciary,https://swalwell.house.gov
36,California,15th,"Mullin, Kevin",D,1404 LHOB,(202) 225-3531,"Natural Resources|Science, Space, and Technology",https://kevinmullin.house.gov
37,California,16th,"Eshoo, Anna",D,272 CHOB,(202) 225-8104,Energy and Commerce,https://eshoo.house.gov/
38,California,17th,"Khanna, Ro",D,306 CHOB,(202) 225-2631,Armed Services|Oversight and Accountability|Select Comm on the Strategic Competition US and China,https://khanna.house.gov
39,California,18th,"Lofgren, Zoe",D,1401 LHOB,(202) 225-3072,"Judiciary|Science, Space, and Technology",https://lofgren.house.gov/
40,California,19th,"Panetta, Jimmy",D,304 CHOB,(202) 225-2861,Armed Services|Budget|Ways and Means,https://panetta.house.gov
41,California,20th,"Fong, Vince",R,2468 RHOB,(202) 225-2915,"Transportation and Infrastructure|Science, Space, and Technology",https://fong.house.gov/
42,California,21st,"Costa, Jim",D,2081 RHOB,(202) 225-3341,Agriculture|Foreign Affairs,https://costa.house.gov/
43,California,22nd,"Valadao, David",R,2465 RHOB,(202) 225-4695,Appropriations|Budget|Joint Committee of Congress on the Library,https://valadao.house.gov
44,California,23rd,"Obernolte, Jay",R,1029 LHOB,(202) 225-5861,"Energy and Commerce|Science, Space, and Technology",https://obernolte.house.gov
45,California,24th,"Carbajal, Salud",D,2331 RHOB,(202) 225-3601,Agriculture|Armed Services|Transportation and Infrastructure,https://carbajal.house.gov
46,California,25th,"Ruiz, Raul",D,2342 RHOB,(202) 225-5330,Energy and Commerce|Select Subcommittee on the Coronavirus Pandemic,https://ruiz.house.gov
47,California,26th,"Brownley, Julia",D,2262 RHOB,(202) 225-5811,Transportation and Infrastructure|Veterans' Affairs,https://juliabrownley.house.gov
48,California,27th,"Garcia, Mike",R,144 CHOB,(202) 225-1956,"Appropriations|Intelligence|Science, Space, and Technology",https://mikegarcia.house.gov/
49,California,28th,"Chu, Judy",D,2423 RHOB,(202) 225-5464,Small Business|Ways and Means,https://chu.house.gov/
50,California,29th,"Cardenas, Tony",D,2181 RHOB,(202) 225-6131,Energy and Commerce,https://cardenas.house.gov
51,California,30th,"Schiff, Adam",D,2309 RHOB,(202) 225-4176,Judiciary,https://schiff.house.gov/
52,California,31st,"Napolitano, Grace",D,1610 LHOB,(202) 225-5256,Natural Resources|Transportation and Infrastructure,https://napolitano.house.gov/
53,California,32nd,"Sherman, Brad",D,2365 RHOB,(202) 225-5911,Financial Services|Foreign Affairs,https://sherman.house.gov
54,California,33rd,"Aguilar, Pete",D,108 CHOB,(202) 225-3201,Appropriations,https://aguilar.house.gov/
55,California,34th,"Gomez, Jimmy",D,506 CHOB,(202) 225-6235,Intelligence|Ways and Means,https://gomez.house.gov/
56,California,35th,"Torres, Norma",D,2227 RHOB,(202) 225-6161,Appropriations|House Administration,https://torres.house.gov/
57,California,36th,"Lieu, Ted",D,2454 RHOB,(202) 225-3976,Foreign Affairs|Judiciary,https://lieu.house.gov/
58,California,37th,"Kamlager-Dove, Sydney",D,1419 LHOB,(202) 225-7084,Foreign Affairs|Natural Resources,https://kamlager-dove.house.gov
59,California,38th,"Sanchez, Linda",D,2428 RHOB,(202) 225-6676,Select Subcommittee on the Weaponization of the Fed Govt|Ways and Means,https://lindasanchez.house.gov/
60,California,39th,"Takano, Mark",D,2078 RHOB,(202) 225-2305,Education and the Workforce|Veterans' Affairs,https://takano.house.gov
61,California,40th,"Kim, Young",R,1306 LHOB,(202) 225-4111,Financial Services|Foreign Affairs,https://youngkim.house.gov
62,California,41st,"Calvert, Ken",R,2205 RHOB,(202) 225-1986,Appropriations,https://calvert.house.gov/
63,California,42nd,"Garcia, Robert",D,1305 LHOB,(202) 225-7924,Oversight and Accountability|Homeland Security|Select Subcommittee on the Coronavirus Pandemic,https://robertgarcia.house.gov
64,California,43rd,"Waters, Maxine",D,2221 RHOB,(202) 225-2201,Financial Services,https://waters.house.gov
65,California,44th,"Barragan, Nanette",D,2312 RHOB,(202) 225-8220,Energy and Commerce,https://barragan.house.gov
66,California,45th,"Steel, Michelle",R,1127 LHOB,(202) 225-2415,Education and the Workforce|Ways and Means|Select Comm on the Strategic Competition US and China,https://steel.house.gov
67,California,46th,"Correa, J.",D,2301 RHOB,(202) 225-2965,Homeland Security|Judiciary,https://correa.house.gov
68,California,47th,"Porter, Katie",D,1233 LHOB,(202) 225-5611,Oversight and Accountability|Natural Resources,https://porter.house.gov/
69,California,48th,"Issa, Darrell",R,2108 RHOB,(202) 225-5672,"Foreign Affairs|Select Subcommittee on the Weaponization of the Fed Govt|Judiciary|Science, Space, and Technology",https://issa.house.gov
70,California,49th,"Levin, Mike",D,2352 RHOB,(202) 225-3906,Natural Resources|Veterans' Affairs,https://levin.house.gov/
71,California,50th,"Peters, Scott",D,1201 LHOB,(202) 225-0508,Budget|Energy and Commerce,https://scottpeters.house.gov
72,California,51st,"Jacobs, Sara",D,1314 LHOB,(202) 225-2040,Armed Services|Foreign Affairs,https://sarajacobs.house.gov
73,California,52nd,"Vargas, Juan",D,2334 RHOB,(202) 225-8045,Financial Services,https://vargas.house.gov
74,Colorado,1st,"DeGette, Diana",D,2111 RHOB,(202) 225-4431,Energy and Commerce,https://degette.house.gov
75,Colorado,2nd,"Neguse, Joe",D,2400 RHOB,(202) 225-2161,Natural Resources|Judiciary|Rules,https://neguse.house.gov/
76,Colorado,3rd,"Boebert, Lauren",R,1713 LHOB,(202) 225-4761,Oversight and Accountability|Natural Resources,https://boebert.house.gov
77,Colorado,4th,"Lopez, Greg",R,2455 RHOB,(202) 225-4676,"Budget|Science, Space, and Technology",https://lopez.house.gov/
78,Colorado,5th,"Lamborn, Doug",R,2371 RHOB,(202) 225-4422,Armed Services|Natural Resources,https://lamborn.house.gov/
79,Colorado,6th,"Crow, Jason",D,1323 LHOB,(202) 225-7882,Foreign Affairs|Intelligence,https://crow.house.gov/
80,Colorado,7th,"Pettersen, Brittany",D,1230 LHOB,(202) 225-2645,Financial Services,https://pettersen.house.gov
81,Colorado,8th,"Caraveo, Yadira",D,1024 LHOB,(202) 225-5625,"Agriculture|Science, Space, and Technology",https://caraveo.house.gov
82,Connecticut,1st,"Larson, John",D,1501 LHOB,(202) 225-2265,Ways and Means,https://larson.house.gov/
83,Connecticut,2nd,"Courtney, Joe",D,2449 RHOB,(202) 225-2076,Armed Services|Education and the Workforce,https://courtney.house.gov/
84,Connecticut,3rd,"DeLauro, Rosa",D,2413 RHOB,(202) 225-3661,Appropriations,https://delauro.house.gov/
85,Connecticut,4th,"Himes, James",D,2137 RHOB,(202) 225-5541,Financial Services|Intelligence,https://himes.house.gov/
86,Connecticut,5th,"Hayes, Jahana",D,2458 RHOB,(202) 225-4476,Agriculture|Education and the Workforce,https://hayes.house.gov
87,Delaware,At Large,"Blunt Rochester, Lisa",D,1724 LHOB,(202) 225-4165,Energy and Commerce,https://bluntrochester.house.gov
88,District of Columbia,Delegate,"Norton, Eleanor",D,2136 RHOB,(202) 225-8050,Oversight and Accountability|Transportation and Infrastructure,https://norton.house.gov/
89,Florida,1st,"Gaetz, Matt",R,2021 RHOB,(202) 225-4136,Armed Services|Select Subcommittee on the Weaponization of the Fed Govt|Judiciary,https://gaetz.house.gov
90,Florida,2nd,"Dunn, Neal",R,466 CHOB,(202) 225-5235,Energy and Commerce|Select Comm on the Strategic Competition US and China,https://dunn.house.gov
91,Florida,3rd,"Cammack, Kat",R,2421 RHOB,(202) 225-5744,Agriculture|Select Subcommittee on the Weaponization of the Fed Govt|Energy and Commerce,https://cammack.house.gov
92,Florida,4th,"Bean, Aaron",R,1239 LHOB,(202) 225-0123,Education and the Workforce|Transportation and Infrastructure|Small Business,https://bean.house.gov
93,Florida,5th,"Rutherford, John",R,1711 LHOB,(202) 225-2501,Appropriations|Ethics,https://rutherford.house.gov
94,Florida,6th,"Waltz, Michael",R,244 CHOB,(202) 225-2706,Armed Services|Foreign Affairs|Oversight and Accountability|Intelligence,https://waltz.house.gov
95,Florida,7th,"Mills, Cory",R,1237 LHOB,(202) 225-4035,Armed Services|Foreign Affairs,https://mills.house.gov
96,Florida,8th,"Posey, Bill",R,2150 RHOB,(202) 225-3671,"Financial Services|Science, Space, and Technology",https://posey.house.gov/
97,Florida,9th,"Soto, Darren",D,2353 RHOB,(202) 225-9889,Agriculture|Energy and Commerce,https://soto.house.gov
98,Florida,10th,"Frost, Maxwell",D,1224 LHOB,(202) 225-2176,"Oversight and Accountability|Science, Space, and Technology",https://frost.house.gov
99,Florida,11th,"Webster, Daniel",R,2184 RHOB,(202) 225-1002,"Natural Resources|Transportation and Infrastructure|Science, Space, and Technology",https://webster.house.gov/
100,Florida,12th,"Bilirakis, Gus",R,2306 RHOB,(202) 225-5755,Energy and Commerce,https://bilirakis.house.gov/
101,Florida,13th,"Luna, Anna Paulina",R,1017 LHOB,(202) 225-5961,Oversight and Accountability|Natural Resources,https://luna.house.gov
102,Florida,14th,"Castor, Kathy",D,2052 RHOB,(202) 225-3376,Energy and Commerce|Select Comm on the Strategic Competition US and China,https://castor.house.gov/
103,Florida,15th,"Lee, Laurel",R,1118 LHOB,(202) 225-5626,House Administration|Homeland Security|Judiciary,https://laurellee.house.gov
104,Florida,16th,"Buchanan, Vern",R,2110 RHOB,(202) 225-5015,Joint Committee on Taxation|Ways and Means,https://buchanan.house.gov/
105,Florida,17th,"Steube, W.",R,2457 RHOB,(202) 225-5792,Select Subcommittee on the Weaponization of the Fed Govt|Ways and Means,https://steube.house.gov/
106,Florida,18th,"Franklin, Scott",R,249 CHOB,(202) 225-1252,"Appropriations|Science, Space, and Technology|Veterans' Affairs",https://franklin.house.gov
107,Florida,19th,"Donalds, Byron",R,1719 LHOB,(202) 225-2536,Financial Services|Oversight and Accountability,https://donalds.house.gov
108,Florida,20th,"Cherfilus-McCormick, Sheila",D,242 CHOB,(202) 225-1313,Foreign Affairs|Veterans' Affairs,https://cherfilus-mccormick.house.gov/
109,Florida,21st,"Mast, Brian",R,2182 RHOB,(202) 225-3026,Foreign Affairs|Transportation and Infrastructure,https://mast.house.gov
110,Florida,22nd,"Frankel, Lois",D,2305 RHOB,(202) 225-9890,Appropriations,https://frankel.house.gov
111,Florida,23rd,"Moskowitz, Jared",D,1130 LHOB,(202) 225-3001,Foreign Affairs|Oversight and Accountability,https://moskowitz.house.gov
112,Florida,24th,"Wilson, Frederica",D,2080 RHOB,(202) 225-4506,Education and the Workforce|Transportation and Infrastructure,https://wilson.house.gov/
113,Florida,25th,"Wasserman Schultz, Debbie",D,270 CHOB,(202) 225-7931,Appropriations|Select Subcommittee on the Weaponization of the Fed Govt,https://wassermanschultz.house.gov/
114,Florida,26th,"Diaz-Balart, Mario",R,374 CHOB,(202) 225-4211,Appropriations,https://mariodiazbalart.house.gov/
115,Florida,27th,"Salazar, Maria",R,2162 RHOB,(202) 225-3931,Foreign Affairs|Small Business,https://salazar.house.gov
116,Florida,28th,"Gimenez, Carlos",R,448 CHOB,(202) 225-2778,Armed Services|Homeland Security|Select Comm on the Strategic Competition US and China,https://gimenez.house.gov
117,Georgia,1st,"Carter, Earl",R,2432 RHOB,(202) 225-5831,Budget|Energy and Commerce,https://buddycarter.house.gov/
118,Georgia,2nd,"Bishop, Sanford",D,2407 RHOB,(202) 225-3631,Agriculture|Appropriations,https://bishop.house.gov/
119,Georgia,3rd,"Ferguson, A.",R,2239 RHOB,(202) 225-5901,Budget|Ways and Means,https://ferguson.house.gov
120,Georgia,4th,"Johnson, Henry",D,2240 RHOB,(202) 225-1605,Judiciary|Transportation and Infrastructure,https://hankjohnson.house.gov/
121,Georgia,5th,"Williams, Nikema",D,1406 LHOB,(202) 225-3801,Financial Services,https://nikemawilliams.house.gov
122,Georgia,6th,"McCormick, Richard",R,1213 LHOB,(202) 225-4272,"Armed Services|Foreign Affairs|Science, Space, and Technology|Select Subcommittee on the Coronavirus Pandemic",https://mccormick.house.gov
123,Georgia,7th,"McBath, Lucy",D,2246 RHOB,(202) 225-4501,Education and the Workforce|Judiciary,https://mcbath.house.gov
124,Georgia,8th,"Scott, Austin",R,2185 RHOB,(202) 225-6531,Agriculture|Armed Services|Intelligence|Rules,https://austinscott.house.gov/
125,Georgia,9th,"Clyde, Andrew",R,445 CHOB,(202) 225-9893,Appropriations,https://clyde.house.gov
126,Georgia,10th,"Collins, Mike",R,1223 LHOB,(202) 225-4101,"Natural Resources|Transportation and Infrastructure|Science, Space, and Technology",https://collins.house.gov
127,Georgia,11th,"Loudermilk, Barry",R,2133 RHOB,(202) 225-2931,Financial Services|House Administration,https://loudermilk.house.gov
128,Georgia,12th,"Allen, Rick",R,462 CHOB,(202) 225-2823,Education and the Workforce|Energy and Commerce,https://allen.house.gov
129,Georgia,13th,"Scott, David",D,468 CHOB,(202) 225-2939,Agriculture|Financial Services,https://davidscott.house.gov/
130,Georgia,14th,"Greene, Marjorie",R,403 CHOB,(202) 225-5211,Oversight and Accountability|Homeland Security|Select Subcommittee on the Coronavirus Pandemic,https://greene.house.gov
131,Guam,Delegate,"Moylan, James",R,1628 LHOB,(202) 225-1188,Armed Services|Foreign Affairs|Natural Resources,https://moylan.house.gov
132,Hawaii,1st,"Case, Ed",D,2210 RHOB,(202) 225-2726,Appropriations|Natural Resources,https://case.house.gov/
133,Hawaii,2nd,"Tokuda, Jill",D,1005 LHOB,(202) 225-4906,Agriculture|Armed Services|Select Subcommittee on the Coronavirus Pandemic,https://tokuda.house.gov
134,Idaho,1st,"Fulcher, Russ",R,1514 LHOB,(202) 225-6611,Energy and Commerce|Natural Resources,https://fulcher.house.gov/
135,Idaho,2nd,"Simpson, Michael",R,2084 RHOB,(202) 225-5531,Appropriations,https://simpson.house.gov
136,Illinois,1st,"Jackson, Jonathan",D,1641 LHOB,(202) 225-4372,Agriculture|Foreign Affairs,https://jonathanjackson.house.gov
137,Illinois,2nd,"Kelly, Robin",D,2329 RHOB,(202) 225-0773,Energy and Commerce,https://robinkelly.house.gov/
138,Illinois,3rd,"Ramirez, Delia",D,1523 LHOB,(202) 225-5701,Homeland Security|Veterans' Affairs,https://ramirez.house.gov
139,Illinois,4th,"Garcia, Jesus",D,1519 LHOB,(202) 225-8203,Judiciary|Transportation and Infrastructure,https://chuygarcia.house.gov/
140,Illinois,5th,"Quigley, Mike",D,2083 RHOB,(202) 225-4061,Appropriations,https://quigley.house.gov/
141,Illinois,6th,"Casten, Sean",D,2440 RHOB,(202) 225-4561,"Financial Services|Science, Space, and Technology",https://casten.house.gov
142,Illinois,7th,"Davis, Danny",D,2159 RHOB,(202) 225-5006,Ways and Means,https://davis.house.gov
143,Illinois,8th,"Krishnamoorthi, Raja",D,2367 RHOB,(202) 225-3711,Oversight and Accountability|Intelligence|Select Comm on the Strategic Competition US and China,https://krishnamoorthi.house.gov
144,Illinois,9th,"Schakowsky, Janice",D,2408 RHOB,(202) 225-2111,Budget|Energy and Commerce,https://schakowsky.house.gov
145,Illinois,10th,"Schneider, Bradley",D,300 CHOB,(202) 225-4835,Foreign Affairs|Ways and Means,https://schneider.house.gov
146,Illinois,11th,"Foster, Bill",D,2366 RHOB,(202) 225-3515,Financial Services,https://foster.house.gov
147,Illinois,12th,"Bost, Mike",R,352 CHOB,(202) 225-5661,Agriculture|Transportation and Infrastructure|Veterans' Affairs,https://bost.house.gov/
148,Illinois,13th,"Budzinski, Nikki",D,1009 LHOB,(202) 225-2371,Agriculture|Veterans' Affairs,https://budzinski.house.gov
149,Illinois,14th,"Underwood, Lauren",D,1410 LHOB,(202) 225-2976,Appropriations,https://underwood.house.gov/
150,Illinois,15th,"Miller, Mary",R,1740 LHOB,(202) 225-5271,Agriculture|Education and the Workforce,https://marymiller.house.gov
151,Illinois,16th,"LaHood, Darin",R,1424 LHOB,(202) 225-6201,Intelligence|Ways and Means|Select Comm on the Strategic Competition US and China,https://lahood.house.gov/
152,Illinois,17th,"Sorensen, Eric",D,1205 LHOB,(202) 225-5905,"Agriculture|Science, Space, and Technology",https://sorensen.house.gov
153,Indiana,1st,"Mrvan, Frank",D,1607 LHOB,(202) 225-2461,Education and the Workforce|Veterans' Affairs,https://mrvan.house.gov
154,Indiana,2nd,"Yakym, Rudy",R,349 CHOB,(202) 225-3915,Budget|Transportation and Infrastructure,https://yakym.house.gov
155,Indiana,3rd,"Banks, Jim",R,2418 RHOB,(202) 225-4436,Armed Services|Education and the Workforce|Select Comm on the Strategic Competition US and China,https://banks.house.gov
156,Indiana,4th,"Baird, James",R,2303 RHOB,(202) 225-5037,"Agriculture|Foreign Affairs|Science, Space, and Technology",https://baird.house.gov/
157,Indiana,5th,"Spartz, Victoria",R,1609 LHOB,(202) 225-2276,Judiciary,https://spartz.house.gov
158,Indiana,6th,"Pence, Greg",R,404 CHOB,(202) 225-3021,Energy and Commerce,https://pence.house.gov/
159,Indiana,7th,"Carson, Andre",D,2135 RHOB,(202) 225-4011,Intelligence|Transportation and Infrastructure|Select Comm on the Strategic Competition US and China,https://carson.house.gov/
160,Indiana,8th,"Bucshon, Larry",R,2313 RHOB,(202) 225-4636,Energy and Commerce,https://bucshon.house.gov/
161,Indiana,9th,"Houchin, Erin",R,1632 LHOB,(202) 225-5315,Financial Services|Education and the Workforce|Rules,https://houchin.house.gov
162,Iowa,1st,"Miller-Meeks, Mariannette",R,1034 LHOB,(202) 225-6576,Energy and Commerce|Select Subcommittee on the Coronavirus Pandemic|Veterans' Affairs,https://millermeeks.house.gov/
163,Iowa,2nd,"Hinson, Ashley",R,1717 LHOB,(202) 225-2911,Appropriations|Select Comm on the Strategic Competition US and China,https://hinson.house.gov
164,Iowa,3rd,"Nunn, Zachary",R,1232 LHOB,(202) 225-5476,Agriculture|Financial Services,https://nunn.house.gov
165,Iowa,4th,"Feenstra, Randy",R,1440 LHOB,(202) 225-4426,Agriculture|Ways and Means,https://feenstra.house.gov
166,Kansas,1st,"Mann, Tracey",R,344 CHOB,(202) 225-2715,Agriculture|Transportation and Infrastructure|Small Business,https://mann.house.gov
167,Kansas,2nd,"LaTurner, Jake",R,2441 RHOB,(202) 225-6601,Appropriations|Oversight and Accountability,https://laturner.house.gov
168,Kansas,3rd,"Davids, Sharice",D,2435 RHOB,(202) 225-2865,Agriculture|Transportation and Infrastructure|Small Business,https://davids.house.gov/
169,Kansas,4th,"Estes, Ron",R,2234 RHOB,(202) 225-6216,Budget|Education and the Workforce|Ways and Means,https://estes.house.gov/
170,Kentucky,1st,"Comer, James",R,2410 RHOB,(202) 225-3115,Education and the Workforce|Oversight and Accountability,https://comer.house.gov/
171,Kentucky,2nd,"Guthrie, Brett",R,2434 RHOB,(202) 225-3501,Energy and Commerce,https://guthrie.house.gov/
172,Kentucky,3rd,"McGarvey, Morgan",D,1527 LHOB,(202) 225-5401,Small Business|Veterans' Affairs,https://mcgarvey.house.gov
173,Kentucky,4th,"Massie, Thomas",R,2453 RHOB,(202) 225-3465,Select Subcommittee on the Weaponization of the Fed Govt|Judiciary|Transportation and Infrastructure|Rules,https://massie.house.gov
174,Kentucky,5th,"Rogers, Harold",R,2406 RHOB,(202) 225-4601,Appropriations,https://halrogers.house.gov/
175,Kentucky,6th,"Barr, Andy",R,2430 RHOB,(202) 225-4706,Financial Services|Foreign Affairs|Select Comm on the Strategic Competition US and China,https://barr.house.gov/
176,Louisiana,1st,"Scalise, Steve",R,2049 RHOB,(202) 225-3015,,https://scalise.house.gov/
177,Louisiana,2nd,"Carter, Troy",D,442 CHOB,(202) 225-6636,Homeland Security|Transportation and Infrastructure,https://troycarter.house.gov
178,Louisiana,3rd,"Higgins, Clay",R,572 CHOB,(202) 225-2031,Armed Services|Oversight and Accountability|Homeland Security,https://clayhiggins.house.gov
179,Louisiana,4th,"Johnson, Mike",R,568 CHOB,(202) 225-2777,,https://mikejohnson.house.gov
180,Louisiana,5th,"Letlow, Julia",R,142 CHOB,(202) 225-8490,Appropriations|Education and the Workforce,https://letlow.house.gov
181,Louisiana,6th,"Graves, Garret",R,2402 RHOB,(202) 225-3901,Natural Resources|Transportation and Infrastructure,https://garretgraves.house.gov/
182,Maine,1st,"Pingree, Chellie",D,2354 RHOB,(202) 225-6116,Agriculture|Appropriations,https://pingree.house.gov/
183,Maine,2nd,"Golden, Jared",D,1710 LHOB,(202) 225-6306,Armed Services|Small Business,https://golden.house.gov
184,Maryland,1st,"Harris, Andy",R,1536 LHOB,(202) 225-5311,Appropriations,https://harris.house.gov/
185,Maryland,2nd,"Ruppersberger, C.",D,2206 RHOB,(202) 225-3061,Appropriations,https://ruppersberger.house.gov
186,Maryland,3rd,"Sarbanes, John",D,2370 RHOB,(202) 225-4016,Energy and Commerce,https://sarbanes.house.gov/
187,Maryland,4th,"Ivey, Glenn",D,1529 LHOB,(202) 225-8699,Homeland Security|Judiciary|Ethics,https://ivey.house.gov
188,Maryland,5th,"Hoyer, Steny",D,1705 LHOB,(202) 225-4131,Appropriations,https://hoyer.house.gov/
189,Maryland,6th,"Trone, David",D,2404 RHOB,(202) 225-2721,Appropriations|Budget,https://trone.house.gov
190,Maryland,7th,"Mfume, Kweisi",D,2263 RHOB,(202) 225-4741,Foreign Affairs|Oversight and Accountability|Select Subcommittee on the Coronavirus Pandemic,https://mfume.house.gov/
191,Maryland,8th,"Raskin, Jamie",D,2242 RHOB,(202) 225-5341,Oversight and Accountability,https://raskin.house.gov
192,Massachusetts,1st,"Neal, Richard",D,372 CHOB,(202) 225-5601,Joint Committee on Taxation|Ways and Means,https://neal.house.gov/
193,Massachusetts,2nd,"McGovern, James",D,370 CHOB,(202) 225-6101,Agriculture|Rules,https://mcgovern.house.gov/
194,Massachusetts,3rd,"Trahan, Lori",D,2439 RHOB,(202) 225-3411,Energy and Commerce,https://trahan.house.gov
195,Massachusetts,4th,"Auchincloss, Jake",D,1524 LHOB,(202) 225-5931,Transportation and Infrastructure|Select Comm on the Strategic Competition US and China,https://auchincloss.house.gov
196,Massachusetts,5th,"Clark, Katherine",D,2368 RHOB,(202) 225-2836,,https://katherineclark.house.gov/index.cfm/home
197,Massachusetts,6th,"Moulton, Seth",D,1126 LHOB,(202) 225-8020,Armed Services|Transportation and Infrastructure|Select Comm on the Strategic Competition US and China,https://moulton.house.gov/
198,Massachusetts,7th,"Pressley, Ayanna",D,402 CHOB,(202) 225-5111,Financial Services|Oversight and Accountability,https://pressley.house.gov
199,Massachusetts,8th,"Lynch, Stephen",D,2109 RHOB,(202) 225-8273,Financial Services|Select Subcommittee on the Weaponization of the Fed Govt|Oversight and Accountability,https://lynch.house.gov/
200,Massachusetts,9th,"Keating, William",D,2351 RHOB,(202) 225-3111,Armed Services|Foreign Affairs,https://keating.house.gov/
201,Michigan,1st,"Bergman, Jack",R,566 CHOB,(202) 225-4735,Armed Services|Budget|Veterans' Affairs,https://bergman.house.gov
202,Michigan,2nd,"Moolenaar, John",R,246 CHOB,(202) 225-3561,Appropriations|Select Comm on the Strategic Competition US and China,https://moolenaar.house.gov/
203,Michigan,3rd,"Scholten, Hillary",D,1317 LHOB,(202) 225-3831,Transportation and Infrastructure|Small Business,https://scholten.house.gov
204,Michigan,4th,"Huizenga, Bill",R,2232 RHOB,(202) 225-4401,Financial Services|Foreign Affairs,https://huizenga.house.gov/
205,Michigan,5th,"Walberg, Tim",R,2266 RHOB,(202) 225-6276,Education and the Workforce|Energy and Commerce,https://walberg.house.gov/
206,Michigan,6th,"Dingell, Debbie",D,102 CHOB,(202) 225-4071,Energy and Commerce|Natural Resources|Select Subcommittee on the Coronavirus Pandemic,https://debbiedingell.house.gov/
207,Michigan,7th,"Slotkin, Elissa",D,2245 RHOB,(202) 225-4872,Agriculture|Armed Services,https://slotkin.house.gov/
208,Michigan,8th,"Kildee, Daniel",D,200 CHOB,(202) 225-3611,Budget|Ways and Means,https://dankildee.house.gov
209,Michigan,9th,"McClain, Lisa",R,444 CHOB,(202) 225-2106,Armed Services|Budget|Education and the Workforce|Oversight and Accountability,https://mcclain.house.gov
210,Michigan,10th,"James, John",R,1319 LHOB,(202) 225-4961,Foreign Affairs|Energy and Commerce,https://james.house.gov
211,Michigan,11th,"Stevens, Haley",D,2411 RHOB,(202) 225-8171,"Education and the Workforce|Science, Space, and Technology|Select Comm on the Strategic Competition US and China",https://stevens.house.gov/
212,Michigan,12th,"Tlaib, Rashida",D,2438 RHOB,(202) 225-5126,Financial Services|Oversight and Accountability,https://tlaib.house.gov/
213,Michigan,13th,"Thanedar, Shri",D,1039 LHOB,(202) 225-5802,Homeland Security|Small Business,https://thanedar.house.gov
214,Minnesota,1st,"Finstad, Brad",R,1605 LHOB,(202) 225-2472,Agriculture|Armed Services,https://finstad.house.gov/
215,Minnesota,2nd,"Craig, Angie",D,2442 RHOB,(202) 225-2271,Agriculture|Energy and Commerce,https://craig.house.gov
216,Minnesota,3rd,"Phillips, Dean",D,2452 RHOB,(202) 225-2871,Foreign Affairs|Small Business,https://phillips.house.gov/
217,Minnesota,4th,"McCollum, Betty",D,2426 RHOB,(202) 225-6631,Appropriations,https://mccollum.house.gov
218,Minnesota,5th,"Omar, Ilhan",D,1730 LHOB,(202) 225-4755,Budget|Education and the Workforce,https://omar.house.gov/
219,Minnesota,6th,"Emmer, Tom",R,464 CHOB,(202) 225-2331,Financial Services,https://emmer.house.gov/
220,Minnesota,7th,"Fischbach, Michelle",R,1004 LHOB,(202) 225-2165,Budget|Rules|Ethics|Ways and Means,https://fischbach.house.gov
221,Minnesota,8th,"Stauber, Pete",R,145 CHOB,(202) 225-6211,Natural Resources|Transportation and Infrastructure|Small Business,https://stauber.house.gov
222,Mississippi,1st,"Kelly, Trent",R,2243 RHOB,(202) 225-4306,Agriculture|Armed Services|Intelligence,https://trentkelly.house.gov/
223,Mississippi,2nd,"Thompson, Bennie",D,2466 RHOB,(202) 225-5876,Homeland Security,https://benniethompson.house.gov/
224,Mississippi,3rd,"Guest, Michael",R,450 CHOB,(202) 225-5031,Appropriations|Homeland Security|Ethics,https://guest.house.gov
225,Mississippi,4th,"Ezell, Mike",R,443 CHOB,(202) 225-5772,Homeland Security|Transportation and Infrastructure,https://ezell.house.gov
226,Missouri,1st,"Bush, Cori",D,2463 RHOB,(202) 225-2406,Oversight and Accountability|Judiciary,https://bush.house.gov
227,Missouri,2nd,"Wagner, Ann",R,2350 RHOB,(202) 225-1621,Financial Services|Foreign Affairs,https://wagner.house.gov
228,Missouri,3rd,"Luetkemeyer, Blaine",R,2230 RHOB,(202) 225-2956,Financial Services|Small Business|Select Comm on the Strategic Competition US and China,https://luetkemeyer.house.gov/
229,Missouri,4th,"Alford, Mark",R,1516 LHOB,(202) 225-2876,Agriculture|Armed Services|Small Business,https://alford.house.gov
230,Missouri,5th,"Cleaver, Emanuel",D,2217 RHOB,(202) 225-4535,Financial Services,https://cleaver.house.gov
231,Missouri,6th,"Graves, Sam",R,1135 LHOB,(202) 225-7041,Armed Services|Transportation and Infrastructure,https://graves.house.gov/
232,Missouri,7th,"Burlison, Eric",R,1108 LHOB,(202) 225-6536,Education and the Workforce|Oversight and Accountability|Transportation and Infrastructure,https://burlison.house.gov
233,Missouri,8th,"Smith, Jason",R,1011 LHOB,(202) 225-4404,Joint Committee on Taxation|Ways and Means,https://jasonsmith.house.gov
234,Montana,1st,"Zinke, Ryan",R,512 CHOB,(202) 225-5628,Appropriations|Foreign Affairs,https://zinke.house.gov
235,Montana,2nd,"Rosendale, Matthew",R,1023 LHOB,(202) 225-3211,Natural Resources|Veterans' Affairs,https://rosendale.house.gov
236,Nebraska,1st,"Flood, Mike",R,343 CHOB,(202) 225-4806,Financial Services,https://flood.house.gov/
237,Nebraska,2nd,"Bacon, Don",R,2104 RHOB,(202) 225-4155,Agriculture|Armed Services,https://bacon.house.gov
238,Nebraska,3rd,"Smith, Adrian",R,502 CHOB,(202) 225-6435,Joint Committee on Taxation|Ways and Means,https://adriansmith.house.gov/
239,Nevada,1st,"Titus, Dina",D,2464 RHOB,(202) 225-5965,Foreign Affairs|Transportation and Infrastructure,https://titus.house.gov/
240,Nevada,2nd,"Amodei, Mark",R,104 CHOB,(202) 225-6155,Appropriations,https://amodei.house.gov
241,Nevada,3rd,"Lee, Susie",D,365 CHOB,(202) 225-3252,Appropriations|Natural Resources,https://susielee.house.gov
242,Nevada,4th,"Horsford, Steven",D,406 CHOB,(202) 225-9894,Armed Services|Ways and Means,https://horsford.house.gov
243,New Hampshire,1st,"Pappas, Chris",D,452 CHOB,(202) 225-5456,Transportation and Infrastructure|Small Business|Veterans' Affairs,https://pappas.house.gov
244,New Hampshire,2nd,"Kuster, Ann",D,2201 RHOB,(202) 225-5206,Energy and Commerce,https://kuster.house.gov
245,New Jersey,1st,"Norcross, Donald",D,2427 RHOB,(202) 225-6501,Armed Services|Education and the Workforce,https://norcross.house.gov
246,New Jersey,2nd,"Van Drew, Jefferson",R,2447 RHOB,(202) 225-6572,Judiciary|Transportation and Infrastructure,https://vandrew.house.gov
247,New Jersey,3rd,"Kim, Andy",D,2444 RHOB,(202) 225-4765,Armed Services|Foreign Affairs|Select Comm on the Strategic Competition US and China,https://kim.house.gov/
248,New Jersey,4th,"Smith, Christopher",R,2373 RHOB,(202) 225-3765,Foreign Affairs,https://chrissmith.house.gov/
249,New Jersey,5th,"Gottheimer, Josh",D,203 CHOB,(202) 225-4465,Financial Services|Intelligence,https://gottheimer.house.gov
250,New Jersey,6th,"Pallone, Frank",D,2107 RHOB,(202) 225-4671,Energy and Commerce,https://pallone.house.gov
251,New Jersey,7th,"Kean, Thomas",R,251 CHOB,(202) 225-5361,"Foreign Affairs|Transportation and Infrastructure|Science, Space, and Technology",https://kean.house.gov
252,New Jersey,8th,"Menendez, Robert",D,1007 LHOB,(202) 225-7919,Homeland Security|Transportation and Infrastructure,https://menendez.house.gov
254,New Jersey,10th,"McIver, LaMonica",D,106 CHOB,(202) 225-3436,Homeland Security|Small Business,https://mciver.house.gov/
255,New Jersey,11th,"Sherrill, Mikie",D,1427 LHOB,(202) 225-5034,Armed Services|Select Comm on the Strategic Competition US and China,https://sherrill.house.gov/
256,New Jersey,12th,"Watson Coleman, Bonnie",D,168 CHOB,(202) 225-5801,Appropriations,https://watsoncoleman.house.gov/
257,New Mexico,1st,"Stansbury, Melanie",D,1421 LHOB,(202) 225-6316,Oversight and Accountability|Natural Resources,https://stansbury.house.gov/
258,New Mexico,2nd,"Vasquez, Gabe",D,1517 LHOB,(202) 225-2365,Agriculture|Armed Services,https://vasquez.house.gov
259,New Mexico,3rd,"Leger Fernandez, Teresa",D,1510 LHOB,(202) 225-6190,Education and the Workforce|Natural Resources|Rules,https://fernandez.house.gov
260,New York,1st,"LaLota, Nick",R,1530 LHOB,(202) 225-3826,Armed Services|Homeland Security|Small Business,https://lalota.house.gov
261,New York,2nd,"Garbarino, Andrew",R,2344 RHOB,(202) 225-7896,Financial Services|Homeland Security|Ethics,https://garbarino.house.gov
262,New York,3rd,"Suozzi, Thomas R.",D,1117 LHOB,(202) 225-3335,Budget|Homeland Security,https://suozzi.house.gov
263,New York,4th,"D'Esposito, Anthony",R,1508 LHOB,(202) 225-5516,House Administration|Homeland Security|Transportation and Infrastructure,https://desposito.house.gov
264,New York,5th,"Meeks, Gregory",D,2310 RHOB,(202) 225-3461,Financial Services|Foreign Affairs,https://meeks.house.gov
265,New York,6th,"Meng, Grace",D,2209 RHOB,(202) 225-2601,Appropriations,https://meng.house.gov
266,New York,7th,"Velazquez, Nydia",D,2302 RHOB,(202) 225-2361,Financial Services|Natural Resources|Small Business,https://velazquez.house.gov
267,New York,8th,"Jeffries, Hakeem",D,2433 RHOB,(202) 225-5936,,https://jeffries.house.gov
268,New York,9th,"Clarke, Yvette",D,2058 RHOB,(202) 225-6231,Homeland Security|Energy and Commerce,https://clarke.house.gov/
269,New York,10th,"Goldman, Daniel",D,245 CHOB,(202) 225-7944,Select Subcommittee on the Weaponization of the Fed Govt|Oversight and Accountability|Homeland Security,https://goldman.house.gov
270,New York,11th,"Malliotakis, Nicole",R,351 CHOB,(202) 225-3371,Select Subcommittee on the Coronavirus Pandemic|Ways and Means,https://malliotakis.house.gov
271,New York,12th,"Nadler, Jerrold",D,2132 RHOB,(202) 225-5635,Judiciary,https://nadler.house.gov
272,New York,13th,"Espaillat, Adriano",D,2332 RHOB,(202) 225-4365,Appropriations|Budget,https://espaillat.house.gov
273,New York,14th,"Ocasio-Cortez, Alexandria",D,250 CHOB,(202) 225-3965,Oversight and Accountability|Natural Resources,https://ocasio-cortez.house.gov/
274,New York,15th,"Torres, Ritchie",D,1414 LHOB,(202) 225-4361,Financial Services|Select Comm on the Strategic Competition US and China,https://ritchietorres.house.gov
275,New York,16th,"Bowman, Jamaal",D,345 CHOB,(202) 225-2464,"Education and the Workforce|Science, Space, and Technology",https://bowman.house.gov
276,New York,17th,"Lawler, Michael",R,1013 LHOB,(202) 225-6506,Financial Services|Foreign Affairs,https://lawler.house.gov
277,New York,18th,"Ryan, Patrick",D,1030 LHOB,(202) 225-5614,Armed Services|Transportation and Infrastructure,https://patryan.house.gov/
278,New York,19th,"Molinaro, Marcus",R,1207 LHOB,(202) 225-5441,Agriculture|Transportation and Infrastructure|Small Business,https://molinaro.house.gov
279,New York,20th,"Tonko, Paul",D,2369 RHOB,(202) 225-5076,"Energy and Commerce|Science, Space, and Technology",https://tonko.house.gov/
280,New York,21st,"Stefanik, Elise",R,2211 RHOB,(202) 225-4611,Armed Services|Education and the Workforce|Select Subcommittee on the Weaponization of the Fed Govt|Intelligence,https://stefanik.house.gov/
281,New York,22nd,"Williams, Brandon",R,1022 LHOB,(202) 225-3701,"Education and the Workforce|Transportation and Infrastructure|Science, Space, and Technology",https://brandonwilliams.house.gov
282,New York,23rd,"Langworthy, Nicholas",R,1630 LHOB,(202) 225-3161,Agriculture|Oversight and Accountability|Rules,https://langworthy.house.gov
283,New York,24th,"Tenney, Claudia",R,2349 RHOB,(202) 225-3665,"Science, Space, and Technology|Ways and Means",https://tenney.house.gov/
284,New York,25th,"Morelle, Joseph",D,570 CHOB,(202) 225-3615,Appropriations|House Administration|Joint Committee of Congress on the Library,https://morelle.house.gov
285,New York,26th,"Kennedy, Timothy",D,2269 RHOB,(202) 225-3306,Homeland Security|Veterans' Affairs,https://kennedy.house.gov
286,North Carolina,1st,"Davis, Donald",D,1123 LHOB,(202) 225-3101,Agriculture|Armed Services,https://dondavis.house.gov
287,North Carolina,2nd,"Ross, Deborah",D,1221 LHOB,(202) 225-3032,"Judiciary|Ethics|Science, Space, and Technology|Select Subcommittee on the Coronavirus Pandemic",https://ross.house.gov
288,North Carolina,3rd,"Murphy, Gregory",R,407 CHOB,(202) 225-3415,House Administration|Veterans' Affairs|Ways and Means,https://murphy.house.gov
289,North Carolina,4th,"Foushee, Valerie",D,1716 LHOB,(202) 225-1784,"Transportation and Infrastructure|Science, Space, and Technology",https://foushee.house.gov
290,North Carolina,5th,"Foxx, Virginia",R,2462 RHOB,(202) 225-2071,Education and the Workforce|Oversight and Accountability,https://foxx.house.gov/
291,North Carolina,6th,"Manning, Kathy",D,307 CHOB,(202) 225-3065,Education and the Workforce|Foreign Affairs,https://manning.house.gov
292,North Carolina,7th,"Rouzer, David",R,2333 RHOB,(202) 225-2731,Agriculture|Transportation and Infrastructure,https://rouzer.house.gov/
293,North Carolina,8th,"Bishop, Dan",R,2459 RHOB,(202) 225-1976,Select Subcommittee on the Weaponization of the Fed Govt|Homeland Security|Judiciary,https://danbishop.house.gov
294,North Carolina,9th,"Hudson, Richard",R,2112 RHOB,(202) 225-3715,Energy and Commerce,https://hudson.house.gov
295,North Carolina,10th,"McHenry, Patrick",R,2134 RHOB,(202) 225-2576,Financial Services,https://mchenry.house.gov
296,North Carolina,11th,"Edwards, Chuck",R,1505 LHOB,(202) 225-6401,Appropriations|Budget,https://edwards.house.gov
297,North Carolina,12th,"Adams, Alma",D,2436 RHOB,(202) 225-1510,Agriculture|Education and the Workforce,https://adams.house.gov
298,North Carolina,13th,"Nickel, Wiley",D,1133 LHOB,(202) 225-4531,Financial Services,https://nickel.house.gov
299,North Carolina,14th,"Jackson, Jeff",D,1318 LHOB,(202) 225-5634,"Armed Services|Science, Space, and Technology",https://jeffjackson.house.gov
300,North Dakota,At Large,"Armstrong, Kelly",R,2235 RHOB,(202) 225-2611,Select Subcommittee on the Weaponization of the Fed Govt|Energy and Commerce|Judiciary,https://armstrong.house.gov
301,Northern Mariana Islands,Delegate,"Sablan, Gregorio",D,2267 RHOB,(202) 225-2646,Education and the Workforce|Natural Resources,https://sablan.house.gov/
302,Ohio,1st,"Landsman, Greg",D,1432 LHOB,(202) 225-2216,Small Business|Veterans' Affairs,https://landsman.house.gov
303,Ohio,2nd,"Wenstrup, Brad",R,2335 RHOB,(202) 225-3164,Intelligence|Select Subcommittee on the Coronavirus Pandemic|Ways and Means,https://wenstrup.house.gov
304,Ohio,3rd,"Beatty, Joyce",D,2079 RHOB,(202) 225-4324,Financial Services,https://beatty.house.gov
305,Ohio,4th,"Jordan, Jim",R,2056 RHOB,(202) 225-2676,Select Subcommittee on the Weaponization of the Fed Govt|Oversight and Accountability|Judiciary,https://jordan.house.gov/
306,Ohio,5th,"Latta, Robert",R,2467 RHOB,(202) 225-6405,Energy and Commerce,https://latta.house.gov/
307,Ohio,6th,"Rulli, Michael A.",R,2082 RHOB,(202) 225-5705,Education and the Workforce|Judiciary,https://rulli.house.gov
308,Ohio,7th,"Miller, Max",R,143 CHOB,(202) 225-3876,"Agriculture|Science, Space, and Technology",https://maxmiller.house.gov
309,Ohio,8th,"Davidson, Warren",R,2113 RHOB,(202) 225-6205,Financial Services|Foreign Affairs|Select Subcommittee on the Weaponization of the Fed Govt,https://davidson.house.gov/
310,Ohio,9th,"Kaptur, Marcy",D,2186 RHOB,(202) 225-4146,Appropriations,https://kaptur.house.gov/
311,Ohio,10th,"Turner, Michael",R,2183 RHOB,(202) 225-6465,Armed Services|Oversight and Accountability|Intelligence,https://turner.house.gov/
312,Ohio,11th,"Brown, Shontel",D,449 CHOB,(202) 225-7032,Agriculture|Oversight and Accountability|Select Comm on the Strategic Competition US and China,https://shontelbrown.house.gov
313,Ohio,12th,"Balderson, Troy",R,2429 RHOB,(202) 225-5355,Energy and Commerce,https://balderson.house.gov
314,Ohio,13th,"Sykes, Emilia",D,1217 LHOB,(202) 225-6265,"Transportation and Infrastructure|Science, Space, and Technology",https://sykes.house.gov
315,Ohio,14th,"Joyce, David",R,2065 RHOB,(202) 225-5731,Appropriations|Ethics,https://joyce.house.gov
316,Ohio,15th,"Carey, Mike",R,1433 LHOB,(202) 225-2015,House Administration|Joint Committee of Congress on the Library|Ways and Means,https://carey.house.gov
317,Oklahoma,1st,"Hern, Kevin",R,1019 LHOB,(202) 225-2211,Ways and Means,https://hern.house.gov
318,Oklahoma,2nd,"Brecheen, Josh",R,1208 LHOB,(202) 225-2701,Budget|Homeland Security,https://brecheen.house.gov
319,Oklahoma,3rd,"Lucas, Frank",R,2405 RHOB,(202) 225-5565,"Agriculture|Financial Services|Science, Space, and Technology",https://lucas.house.gov
320,Oklahoma,4th,"Cole, Tom",R,2207 RHOB,(202) 225-6165,Appropriations,https://cole.house.gov
321,Oklahoma,5th,"Bice, Stephanie",R,2437 RHOB,(202) 225-2132,"Appropriations|House Administration|Science, Space, and Technology",https://bice.house.gov
322,Oregon,1st,"Bonamici, Suzanne",D,2231 RHOB,(202) 225-0855,"Education and the Workforce|Science, Space, and Technology",https://bonamici.house.gov
323,Oregon,2nd,"Bentz, Cliff",R,409 CHOB,(202) 225-6730,Natural Resources|Judiciary,https://bentz.house.gov
324,Oregon,3rd,"Blumenauer, Earl",D,1111 LHOB,(202) 225-4811,Budget|Ways and Means,https://blumenauer.house.gov/
325,Oregon,4th,"Hoyle, Val",D,1620 LHOB,(202) 225-6416,Natural Resources|Transportation and Infrastructure,https://hoyle.house.gov
326,Oregon,5th,"Chavez-DeRemer, Lori",R,1722 LHOB,(202) 225-5711,Agriculture|Education and the Workforce|Transportation and Infrastructure,https://chavez-deremer.house.gov
327,Oregon,6th,"Salinas, Andrea",D,109 CHOB,(202) 225-5643,"Agriculture|Science, Space, and Technology",https://salinas.house.gov
328,Pennsylvania,1st,"Fitzpatrick, Brian",R,271 CHOB,(202) 225-4276,Intelligence|Ways and Means,https://fitzpatrick.house.gov/
329,Pennsylvania,2nd,"Boyle, Brendan",D,1502 LHOB,(202) 225-6111,Budget,https://boyle.house.gov/
330,Pennsylvania,3rd,"Evans, Dwight",D,1105 LHOB,(202) 225-4001,Ways and Means,https://evans.house.gov/
331,Pennsylvania,4th,"Dean, Madeleine",D,150 CHOB,(202) 225-4731,Foreign Affairs|Judiciary,https://dean.house.gov
332,Pennsylvania,5th,"Scanlon, Mary",D,1227 LHOB,(202) 225-2011,Judiciary|Rules,https://scanlon.house.gov/
333,Pennsylvania,6th,"Houlahan, Chrissy",D,1727 LHOB,(202) 225-4315,Armed Services|Intelligence,https://houlahan.house.gov/
334,Pennsylvania,7th,"Wild, Susan",D,1027 LHOB,(202) 225-6411,Education and the Workforce|Foreign Affairs|Ethics,https://wild.house.gov
335,Pennsylvania,8th,"Cartwright, Matt",D,2102 RHOB,(202) 225-5546,Appropriations,https://cartwright.house.gov
336,Pennsylvania,9th,"Meuser, Daniel",R,350 CHOB,(202) 225-6511,Financial Services|Small Business,https://meuser.house.gov
337,Pennsylvania,10th,"Perry, Scott",R,2160 RHOB,(202) 225-5836,Foreign Affairs|Oversight and Accountability|Intelligence|Transportation and Infrastructure,https://perry.house.gov/
338,Pennsylvania,11th,"Smucker, Lloyd",R,302 CHOB,(202) 225-2411,Budget|Education and the Workforce|Ways and Means,https://smucker.house.gov/
339,Pennsylvania,12th,"Lee, Summer",D,243 CHOB,(202) 225-2135,"Oversight and Accountability|Science, Space, and Technology",https://summerlee.house.gov
340,Pennsylvania,13th,"Joyce, John",R,152 CHOB,(202) 225-2431,Energy and Commerce|Select Subcommittee on the Coronavirus Pandemic,https://johnjoyce.house.gov/
341,Pennsylvania,14th,"Reschenthaler, Guy",R,342 CHOB,(202) 225-2065,Appropriations|Rules,https://reschenthaler.house.gov/
342,Pennsylvania,15th,"Thompson, Glenn",R,400 CHOB,(202) 225-5121,Agriculture|Education and the Workforce,https://thompson.house.gov
343,Pennsylvania,16th,"Kelly, Mike",R,1707 LHOB,(202) 225-5406,Ways and Means,https://kelly.house.gov
344,Pennsylvania,17th,"Deluzio, Christopher",D,1222 LHOB,(202) 225-2301,Armed Services|Transportation and Infrastructure,https://deluzio.house.gov
345,Puerto Rico,Resident Commissioner,"Gonzalez-Colon, Jenniffer",R,2338 RHOB,(202) 225-2615,Natural Resources|Transportation and Infrastructure,https://gonzalez-colon.house.gov
346,Rhode Island,1st,"Amo, Gabe",D,2233 RHOB,(202) 225-4911,"Foreign Affairs|Science, Space, and Technology",https://amo.house.gov
347,Rhode Island,2nd,"Magaziner, Seth",D,1218 LHOB,(202) 225-2735,Homeland Security|Natural Resources,https://magaziner.house.gov
348,South Carolina,1st,"Mace, Nancy",R,1728 LHOB,(202) 225-3176,Armed Services|Oversight and Accountability|Veterans' Affairs,https://mace.house.gov
349,South Carolina,2nd,"Wilson, Joe",R,1436 LHOB,(202) 225-2452,Armed Services|Education and the Workforce|Foreign Affairs,https://joewilson.house.gov/
350,South Carolina,3rd,"Duncan, Jeff",R,2229 RHOB,(202) 225-5301,Energy and Commerce,https://jeffduncan.house.gov/
351,South Carolina,4th,"Timmons, William",R,267 CHOB,(202) 225-6030,Financial Services|Oversight and Accountability,https://timmons.house.gov/
352,South Carolina,5th,"Norman, Ralph",R,569 CHOB,(202) 225-5501,Financial Services|Budget|Rules,https://norman.house.gov
353,South Carolina,6th,"Clyburn, James",D,274 CHOB,(202) 225-3315,,https://clyburn.house.gov/
354,South Carolina,7th,"Fry, Russell",R,1626 LHOB,(202) 225-9895,Select Subcommittee on the Weaponization of the Fed Govt|Oversight and Accountability|Judiciary,https://fry.house.gov
355,South Dakota,At Large,"Johnson, Dusty",R,1714 LHOB,(202) 225-2801,Agriculture|Transportation and Infrastructure|Select Comm on the Strategic Competition US and China,https://dustyjohnson.house.gov/
356,Tennessee,1st,"Harshbarger, Diana",R,167 CHOB,(202) 225-6356,Energy and Commerce,https://harshbarger.house.gov
357,Tennessee,2nd,"Burchett, Tim",R,1122 LHOB,(202) 225-5435,Foreign Affairs|Oversight and Accountability|Transportation and Infrastructure,https://burchett.house.gov
358,Tennessee,3rd,"Fleischmann, Charles",R,2187 RHOB,(202) 225-3271,"Appropriations|Science, Space, and Technology",https://fleischmann.house.gov/
359,Tennessee,4th,"DesJarlais, Scott",R,2304 RHOB,(202) 225-6831,Agriculture|Armed Services,https://desjarlais.house.gov/
360,Tennessee,5th,"Ogles, Andrew",R,151 CHOB,(202) 225-4311,Financial Services,https://ogles.house.gov
361,Tennessee,6th,"Rose, John",R,2238 RHOB,(202) 225-4231,Agriculture|Financial Services,https://johnrose.house.gov/
362,Tennessee,7th,"Green, Mark",R,2446 RHOB,(202) 225-2811,Foreign Affairs|Homeland Security,https://markgreen.house.gov/
363,Tennessee,8th,"Kustoff, David",R,560 CHOB,(202) 225-4714,Ways and Means,https://kustoff.house.gov
364,Tennessee,9th,"Cohen, Steve",D,2268 RHOB,(202) 225-3265,Judiciary|Transportation and Infrastructure,https://cohen.house.gov/
365,Texas,1st,"Moran, Nathaniel",R,1541 LHOB,(202) 225-3035,Education and the Workforce|Foreign Affairs|Judiciary,https://moran.house.gov
366,Texas,2nd,"Crenshaw, Dan",R,248 CHOB,(202) 225-6565,Energy and Commerce|Intelligence,https://crenshaw.house.gov/
367,Texas,3rd,"Self, Keith",R,1113 LHOB,(202) 225-4201,Foreign Affairs|Veterans' Affairs,https://keithself.house.gov
368,Texas,4th,"Fallon, Pat",R,2416 RHOB,(202) 225-6673,Armed Services|Oversight and Accountability,https://fallon.house.gov
369,Texas,5th,"Gooden, Lance",R,2431 RHOB,(202) 225-3484,Armed Services|Judiciary,https://gooden.house.gov
370,Texas,6th,"Ellzey, Jake",R,1721 LHOB,(202) 225-2002,Appropriations|Small Business,https://ellzey.house.gov/
371,Texas,7th,"Fletcher, Lizzie",D,346 CHOB,(202) 225-2571,Energy and Commerce,https://fletcher.house.gov
372,Texas,8th,"Luttrell, Morgan",R,1320 LHOB,(202) 225-4901,Armed Services|Homeland Security|Veterans' Affairs,https://luttrell.house.gov
373,Texas,9th,"Green, Al",D,2347 RHOB,(202) 225-7508,Financial Services,https://algreen.house.gov
374,Texas,10th,"McCaul, Michael",R,2300 RHOB,(202) 225-2401,Foreign Affairs|Homeland Security,https://mccaul.house.gov
375,Texas,11th,"Pfluger, August",R,1124 LHOB,(202) 225-3605,Homeland Security|Energy and Commerce,https://pfluger.house.gov
376,Texas,12th,"Granger, Kay",R,2308 RHOB,(202) 225-5071,Appropriations,https://kaygranger.house.gov
377,Texas,13th,"Jackson, Ronny",R,446 CHOB,(202) 225-3706,Agriculture|Armed Services|Foreign Affairs|Intelligence|Select Subcommittee on the Coronavirus Pandemic,https://jackson.house.gov
378,Texas,14th,"Weber, Randy",R,107 CHOB,(202) 225-2831,"Energy and Commerce|Science, Space, and Technology",https://weber.house.gov
379,Texas,15th,"De La Cruz, Monica",R,1415 LHOB,(202) 225-9901,Agriculture|Financial Services,https://delacruz.house.gov
380,Texas,16th,"Escobar, Veronica",D,2448 RHOB,(202) 225-4831,Armed Services|Judiciary|Ethics,https://escobar.house.gov
381,Texas,17th,"Sessions, Pete",R,2204 RHOB,(202) 225-6105,Financial Services|Oversight and Accountability,https://sessions.house.gov
383,Texas,19th,"Arrington, Jodey",R,1107 LHOB,(202) 225-4005,Budget|Ways and Means,https://arrington.house.gov
384,Texas,20th,"Castro, Joaquin",D,2241 RHOB,(202) 225-3236,Foreign Affairs|Intelligence,https://castro.house.gov
385,Texas,21st,"Roy, Chip",R,103 CHOB,(202) 225-4236,Budget|Judiciary|Rules,https://roy.house.gov
386,Texas,22nd,"Nehls, Troy",R,1104 LHOB,(202) 225-5951,Judiciary|Transportation and Infrastructure,https://nehls.house.gov
387,Texas,23rd,"Gonzales, Tony",R,2244 RHOB,(202) 225-4511,Appropriations|Homeland Security,https://gonzales.house.gov
388,Texas,24th,"Van Duyne, Beth",R,1725 LHOB,(202) 225-6605,Small Business|Ways and Means,https://vanduyne.house.gov
389,Texas,25th,"Williams, Roger",R,2336 RHOB,(202) 225-9896,Financial Services|Small Business,https://williams.house.gov
390,Texas,26th,"Burgess, Michael",R,2161 RHOB,(202) 225-7772,Budget|Energy and Commerce|Rules,https://burgess.house.gov/
391,Texas,27th,"Cloud, Michael",R,171 CHOB,(202) 225-7742,Appropriations|Oversight and Accountability|Select Subcommittee on the Coronavirus Pandemic,https://cloud.house.gov
392,Texas,28th,"Cuellar, Henry",D,2372 RHOB,(202) 225-1640,Appropriations,https://cuellar.house.gov/
393,Texas,29th,"Garcia, Sylvia",D,2419 RHOB,(202) 225-1688,Financial Services|Select Subcommittee on the Weaponization of the Fed Govt,https://sylviagarcia.house.gov/
394,Texas,30th,"Crockett, Jasmine",D,1616 LHOB,(202) 225-8885,Agriculture|Select Subcommittee on the Weaponization of the Fed Govt|Oversight and Accountability,https://crockett.house.gov
395,Texas,31st,"Carter, John",R,2208 RHOB,(202) 225-3864,Appropriations,https://carter.house.gov/
396,Texas,32nd,"Allred, Colin",D,348 CHOB,(202) 225-2231,Foreign Affairs|Transportation and Infrastructure,https://allred.house.gov/
397,Texas,33rd,"Veasey, Marc",D,2348 RHOB,(202) 225-9897,Armed Services|Energy and Commerce,https://veasey.house.gov
398,Texas,34th,"Gonzalez, Vicente",D,154 CHOB,(202) 225-2531,Financial Services,https://gonzalez.house.gov
399,Texas,35th,"Casar, Greg",D,1339 LHOB,(202) 225-5645,Agriculture|Oversight and Accountability,https://casar.house.gov
400,Texas,36th,"Babin, Brian",R,2236 RHOB,(202) 225-1555,"Transportation and Infrastructure|Science, Space, and Technology",https://babin.house.gov
401,Texas,37th,"Doggett, Lloyd",D,2307 RHOB,(202) 225-4865,Budget|Joint Committee on Taxation|Ways and Means,https://doggett.house.gov
402,Texas,38th,"Hunt, Wesley",R,1520 LHOB,(202) 225-5646,Natural Resources|Judiciary|Small Business,https://hunt.house.gov
403,Utah,1st,"Moore, Blake",R,1131 LHOB,(202) 225-0453,Budget|Ways and Means,https://blakemoore.house.gov
404,Utah,2nd,"Maloy, Celeste",R,166 CHOB,(202) 225-9730,Transportation and Infrastructure|Small Business,https://maloy.house.gov
405,Utah,3rd,"Curtis, John",R,2323 RHOB,(202) 225-7751,Energy and Commerce|Natural Resources,https://curtis.house.gov/
406,Utah,4th,"Owens, Burgess",R,309 CHOB,(202) 225-3011,Education and the Workforce|Transportation and Infrastructure,https://owens.house.gov
407,Vermont,At Large,"Balint, Becca",D,1408 LHOB,(202) 225-4115,Budget|Judiciary,https://balint.house.gov
408,Virginia,1st,"Wittman, Robert",R,2055 RHOB,(202) 225-4261,Armed Services|Natural Resources|Select Comm on the Strategic Competition US and China,https://wittman.house.gov/
409,Virginia,2nd,"Kiggans, Jennifer",R,1037 LHOB,(202) 225-4215,Armed Services|Natural Resources|Veterans' Affairs,https://kiggans.house.gov
410,Virginia,3rd,"Scott, Robert",D,2328 RHOB,(202) 225-8351,Budget|Education and the Workforce,https://bobbyscott.house.gov
411,Virginia,4th,"McClellan, Jennifer",D,2417 RHOB,(202) 225-6365,"Armed Services|Science, Space, and Technology",https://mcclellan.house.gov/
412,Virginia,5th,"Good, Bob",R,461 CHOB,(202) 225-4711,Budget|Education and the Workforce,https://good.house.gov
413,Virginia,6th,"Cline, Ben",R,2443 RHOB,(202) 225-5431,Appropriations|Budget|Judiciary|Select Comm on the Strategic Competition US and China,https://cline.house.gov
414,Virginia,7th,"Spanberger, Abigail",D,562 CHOB,(202) 225-2815,Agriculture|Intelligence,https://spanberger.house.gov
415,Virginia,8th,"Beyer, Donald",D,1119 LHOB,(202) 225-4376,Ways and Means,https://beyer.house.gov
416,Virginia,9th,"Griffith, H.",R,2202 RHOB,(202) 225-3861,House Administration|Energy and Commerce,https://morgangriffith.house.gov/
417,Virginia,10th,"Wexton, Jennifer",D,1210 LHOB,(202) 225-5136,Appropriations|Budget,https://wexton.house.gov/
418,Virginia,11th,"Connolly, Gerald",D,2265 RHOB,(202) 225-1492,Foreign Affairs|Select Subcommittee on the Weaponization of the Fed Govt|Oversight and Accountability,https://connolly.house.gov/
419,Virgin Islands,Delegate,"Plaskett, Stacey",D,2059 RHOB,(202) 225-1790,Select Subcommittee on the Weaponization of the Fed Govt|Intelligence,https://plaskett.house.gov/
420,Washington,1st,"DelBene, Suzan",D,2330 RHOB,(202) 225-6311,Ways and Means,https://delbene.house.gov
421,Washington,2nd,"Larsen, Rick",D,2163 RHOB,(202) 225-2605,Transportation and Infrastructure,https://larsen.house.gov
422,Washington,3rd,"Perez, Marie",D,1431 LHOB,(202) 225-3536,Agriculture|Small Business,https://gluesenkampperez.house.gov
423,Washington,4th,"Newhouse, Dan",R,504 CHOB,(202) 225-5816,Appropriations|Select Comm on the Strategic Competition US and China,https://newhouse.house.gov
424,Washington,5th,"Rodgers, Cathy",R,2188 RHOB,(202) 225-2006,Energy and Commerce,https://mcmorris.house.gov/
425,Washington,6th,"Kilmer, Derek",D,1226 LHOB,(202) 225-5916,Appropriations|House Administration,https://kilmer.house.gov
426,Washington,7th,"Jayapal, Pramila",D,2346 RHOB,(202) 225-3106,Education and the Workforce|Judiciary,https://jayapal.house.gov
427,Washington,8th,"Schrier, Kim",D,1110 LHOB,(202) 225-7761,Energy and Commerce,https://schrier.house.gov
428,Washington,9th,"Smith, Adam",D,2264 RHOB,(202) 225-8901,Armed Services,https://adamsmith.house.gov/
429,Washington,10th,"Strickland, Marilyn",D,1708 LHOB,(202) 225-9740,Armed Services|Transportation and Infrastructure,https://strickland.house.gov
430,West Virginia,1st,"Miller, Carol",R,465 CHOB,(202) 225-3452,Ways and Means,https://miller.house.gov/
431,West Virginia,2nd,"Mooney, Alexander",R,2228 RHOB,(202) 225-2711,Financial Services,https://mooney.house.gov/
432,Wisconsin,1st,"Steil, Bryan",R,1526 LHOB,(202) 225-3031,Financial Services|House Administration|Joint Committee of Congress on the Library,https://steil.house.gov
433,Wisconsin,2nd,"Pocan, Mark",D,1026 LHOB,(202) 225-2906,Appropriations,https://pocan.house.gov
434,Wisconsin,3rd,"Van Orden, Derrick",R,1513 LHOB,(202) 225-5506,Agriculture|Transportation and Infrastructure|Veterans' Affairs,https://vanorden.house.gov
435,Wisconsin,4th,"Moore, Gwen",D,2252 RHOB,(202) 225-4572,Ways and Means,https://gwenmoore.house.gov
436,Wisconsin,5th,"Fitzgerald, Scott",R,1507 LHOB,(202) 225-5101,Financial Services|Judiciary,https://fitzgerald.house.gov
437,Wisconsin,6th,"Grothman, Glenn",R,1511 LHOB,(202) 225-2476,Budget|Education and the Workforce|Oversight and Accountability,https://grothman.house.gov
438,Wisconsin,7th,"Tiffany, Thomas",R,451 CHOB,(202) 225-3365,Natural Resources|Judiciary,https://tiffany.house.gov/
440,Wyoming,At Large,"Hageman, Harriet",R,1531 LHOB,(202) 225-2311,Select Subcommittee on the Weaponization of the Fed Govt|Natural Resources|Judiciary,https://hageman.house.gov
